"Name","Position","Team","Price","Ownership%","Total Points","PPG","Form","xG","xA","Goal Efficiency%","Assist Efficiency%","Bonus Prob%","Form Trend","Ownership Category","Price Change Risk","Recommendation"
"David Raya Martín","GKP","ARS","5.5","16.4","142","3.7","0","0","0.03","0","0","10","cold","overowned","low","Avoid"
"Kepa Arrizabalaga Revuelta","GKP","ARS","4.5","1","106","3.4","0","0.06","0.03","0","0","10","cold","underowned","low","Avoid"
"Karl Hein","GKP","ARS","4","0.6","0","0","0","0","0","0","0","10","stable","fairly_owned","low","Avoid"
"Tommy Setford","GKP","ARS","4","0.1","0","0","0","0","0","0","0","10","stable","fairly_owned","low","Avoid"
"Gabriel dos Santos Magalhães","DEF","ARS","6","18.2","117","4.2","0","2.7","1.21","111","165","10","cold","overowned","low","Avoid"
"William Saliba","DEF","ARS","6","13.1","130","3.7","0","2.42","1.28","83","0","10","cold","fairly_owned","low","Avoid"
"Riccardo Calafiori","DEF","ARS","5.5","0.7","39","2.1","0","0.86","0.69","233","145","10","cold","underowned","low","Avoid"
"Jurriën Timber","DEF","ARS","5.5","2.2","114","3.8","0","1.23","1.3","81","231","10","cold","underowned","low","Avoid"
"Jakub Kiwior","DEF","ARS","5.5","0.1","43","2.5","0","0.17","0.29","588","0","10","cold","underowned","low","Avoid"
"Myles Lewis-Skelly","DEF","ARS","5.5","4.3","37","1.6","0","0.16","0.51","625","0","10","cold","fairly_owned","low","Avoid"
"Benjamin White","DEF","ARS","5.5","0.8","50","2.9","0","0.46","1.3","0","154","10","cold","underowned","low","Avoid"
"Oleksandr Zinchenko","DEF","ARS","5","0.3","40","2.7","0","0.65","0.52","0","192","56.4","cold","underowned","low","Avoid"
"Brayden Clarke","DEF","ARS","4","0.6","0","0","0","0","0","0","0","10","stable","fairly_owned","low","Avoid"
"Maldini Kacurri","DEF","ARS","4","0.2","0","0","0","0","0","0","0","10","stable","fairly_owned","low","Avoid"
"Josh Nichols","DEF","ARS","4","0.2","0","0","0","0","0","0","0","10","stable","fairly_owned","low","Avoid"
"Bukayo Saka","MID","ARS","10","17.1","127","5.1","0","6.87","7.78","87","141","50.8","cold","fairly_owned","low","Avoid"
"Martin Ødegaard","MID","ARS","8","3.3","116","3.9","0","4.85","6.68","62","135","40.69230769230769","cold","underowned","low","Avoid"
"Noni Madueke","MID","ARS","7","1.3","120","3.8","0","9.62","2.86","73","175","10","cold","underowned","low","Avoid"
"Gabriel Martinelli Silva","MID","ARS","7","1.5","125","3.8","0","7.13","4.46","112","90","10","cold","underowned","low","Avoid"
"Leandro Trossard","MID","ARS","7","0.5","152","4","0","6.74","4.12","119","194","40.07142857142857","cold","underowned","low","Avoid"
"Declan Rice","MID","ARS","6.5","7.7","127","3.6","0","3.51","5.64","114","124","10","cold","fairly_owned","low","Avoid"
"Mikel Merino Zazón","MID","ARS","6","0.7","92","3.3","0","5.75","1.18","122","169","10","cold","underowned","low","Avoid"
"Fábio Ferreira Vieira","MID","ARS","5.5","0","0","0","0","0","0","0","0","10","stable","fairly_owned","low","Avoid"
"Christian Nørgaard","MID","ARS","5.5","0.7","107","3.1","0","4.23","1.38","118","362","10","cold","underowned","low","Avoid"
"Ethan Nwaneri","MID","ARS","5.5","0.3","66","2.5","0","1.19","1.78","336","112","45.63636363636363","cold","underowned","low","Avoid"
"Martín Zubimendi Ibáñez","MID","ARS","5.5","2.1","0","0","0","0","0","0","0","10","stable","fairly_owned","low","Avoid"
"Reiss Nelson","MID","ARS","5","0.1","27","2.2","0","1.07","0.96","93","104","57.2","cold","underowned","low","Avoid"
"Ismeal Kabia","MID","ARS","4.5","0.3","0","0","0","0","0","0","0","10","stable","fairly_owned","low","Avoid"
"Albert Sambi Lokonga","MID","ARS","4.5","0.1","0","0","0","0","0","0","0","10","stable","fairly_owned","low","Avoid"
"Kai Havertz","FWD","ARS","7.5","1.2","97","4.2","0","9.53","1.65","94","182","10","cold","underowned","low","Avoid"
"Gabriel Fernando de Jesus","FWD","ARS","6.5","0","42","2.5","0","3.05","0.52","98","385","50.666666666666664","cold","underowned","low","Avoid"
"Cristhian Mosquera","DEF","ARS","5.5","0.1","0","0","0","0","0","0","0","10","stable","fairly_owned","low","Avoid"
"Viktor Gyökeres","FWD","ARS","9","25.8","0","0","0","0","0","0","0","10","stable","overowned","low","Avoid"
"Emiliano Martínez Romero","GKP","AVL","5","0.5","111","3","0","0","0.02","0","0","10","cold","underowned","low","Avoid"
"Marco Bizot","GKP","AVL","4.5","0.3","0","0","0","0","0","0","0","10","stable","fairly_owned","low","Avoid"
"Joe Gauci","GKP","AVL","4","0.4","0","0","0","0","0","0","0","10","stable","fairly_owned","low","Avoid"
"Filip Marschall","GKP","AVL","4","0","0","0","0","0","0","0","0","10","stable","fairly_owned","low","Avoid"
"Matty Cash","DEF","AVL","4.5","1.8","76","2.8","0","0.48","1.23","208","81","10","cold","underowned","low","Avoid"
"Lucas Digne","DEF","AVL","4.5","1.8","89","2.8","0","0.8","3.97","0","126","10","cold","underowned","low","Avoid"
"Ezri Konsa Ngoyo","DEF","AVL","4.5","23.5","103","3","0","1.29","0.61","155","0","10","cold","overowned","low","Avoid"
"Ian Maatsen","DEF","AVL","4.5","0.9","57","2","0","0.87","2.43","115","82","40.8","cold","underowned","low","Avoid"
"Tyrone Mings","DEF","AVL","4.5","0.7","47","3.4","0","0.88","0.23","0","435","10","cold","underowned","low","Avoid"
"Pau Torres","DEF","AVL","4.5","0.5","55","2.3","0","0.51","0.43","0","0","10","cold","underowned","low","Avoid"
"Andrés García","DEF","AVL","4","0.4","8","1.1","0","0.04","0.49","0","0","10","cold","fairly_owned","low","Avoid"
"Álex Moreno Lopera","DEF","AVL","4","10.3","34","2.3","0","0.17","1.1","0","91","10","cold","fairly_owned","low","Avoid"
"Lamare Bogarde","DEF","AVL","4","0.3","6","0.8","0","0.04","0.13","0","0","10","cold","fairly_owned","low","Avoid"
"Lino da Cruz Sousa","DEF","AVL","4","0.3","0","0","0","0","0","0","0","10","stable","fairly_owned","low","Avoid"
"Yasin Özcan","DEF","AVL","4","0.2","0","0","0","0","0","0","0","10","stable","fairly_owned","low","Avoid"
"Morgan Rogers","MID","AVL","7","8.9","161","4.4","0","6.49","5.24","123","210","10","cold","fairly_owned","low","Avoid"
"Youri Tielemans","MID","AVL","6","2.3","121","3.4","0","3.31","5.83","91","120","10","cold","underowned","low","Avoid"
"Leon Bailey","MID","AVL","5.5","0.5","47","2","0","1.73","2.92","58","68","10","cold","underowned","low","Avoid"
"Emiliano Buendía Stati","MID","AVL","5.5","0.2","11","0.9","0","0.65","0.03","0","0","74","cold","fairly_owned","low","Avoid"
"Samuel Iling-Junior","MID","AVL","5.5","0","0","0","0","0","0","0","0","10","stable","fairly_owned","low","Avoid"
"Jacob Ramsey","MID","AVL","5.5","0.6","66","2.3","0","1.59","2.18","63","183","10","cold","underowned","low","Avoid"
"Donyell Malen","MID","AVL","5.5","2.2","34","2.4","0","2.15","0.15","140","0","85","cold","underowned","low","Avoid"
"John McGinn","MID","AVL","5.5","0.7","78","2.3","0","3.1","2.7","32","148","10","cold","underowned","low","Avoid"
"Ross Barkley","MID","AVL","5","0.1","44","2.2","0","1.79","0.43","168","233","85","cold","underowned","low","Avoid"
"Enzo Barrenechea","MID","AVL","5","0","0","0","0","0","0","0","0","10","stable","fairly_owned","low","Avoid"
"Lewis Dobbin","MID","AVL","5","0.1","0","0","0","0","0","0","0","10","stable","fairly_owned","low","Avoid"
"Boubacar Kamara","MID","AVL","5","0.2","57","2.2","0","0.82","0.83","122","0","10","cold","underowned","low","Avoid"
"Amadou Onana","MID","AVL","5","1.6","65","2.5","0","2.12","0.84","142","0","10","cold","underowned","low","Avoid"
"Ben Broggio","MID","AVL","4.5","0.3","0","0","0","0","0","0","0","10","stable","fairly_owned","low","Avoid"
"Leander Dendoncker","MID","AVL","4.5","0.4","0","0","0","0","0","0","0","10","stable","fairly_owned","low","Avoid"
"Jamaldeen Jimoh-Aloba","MID","AVL","4.5","0","0","0","0","0","0","0","0","10","stable","fairly_owned","low","Avoid"
"Kadan Young","MID","AVL","4.5","0.7","0","0","0","0","0","0","0","10","stable","fairly_owned","low","Avoid"
"Ollie Watkins","FWD","AVL","9","26.5","186","4.9","0","15.12","2.07","106","386","40.70967741935484","cold","overowned","low","Avoid"
"Zépiqueno Redmond","FWD","AVL","4.5","0.8","0","0","0","0","0","0","0","10","stable","fairly_owned","low","Avoid"
"Evann Guessand","MID","AVL","6.5","0.1","0","0","0","0","0","0","0","10","stable","fairly_owned","low","Avoid"
"Max Weiß","GKP","BUR","4.5","0.2","0","0","0","0","0","0","0","10","stable","fairly_owned","low","Avoid"
"Etienne Green","GKP","BUR","4","0.4","0","0","0","0","0","0","0","10","stable","fairly_owned","low","Avoid"
"Václav Hladký","GKP","BUR","4","0.2","0","0","0","0","0","0","0","10","stable","fairly_owned","low","Avoid"
"Connor Roberts","DEF","BUR","4.5","0.1","0","0","0","0","0","0","0","10","stable","fairly_owned","low","Avoid"
"Kyle Walker","DEF","BUR","4.5","1.9","13","0.9","0","0.12","1.34","0","0","10","cold","fairly_owned","low","Avoid"
"Hannes Delcroix","DEF","BUR","4","0.3","0","0","0","0","0","0","0","10","stable","fairly_owned","low","Avoid"
"Owen Dodgson","DEF","BUR","4","0.1","0","0","0","0","0","0","0","10","stable","fairly_owned","low","Avoid"
"Hjalmar Ekdal","DEF","BUR","4","0.2","0","0","0","0","0","0","0","10","stable","fairly_owned","low","Avoid"
"Maxime Estève","DEF","BUR","4","20.1","0","0","0","0","0","0","0","10","stable","overowned","low","Avoid"
"Quilindschy Hartman","DEF","BUR","4","0.5","0","0","0","0","0","0","0","10","stable","fairly_owned","low","Avoid"
"Bashir Humphreys","DEF","BUR","4","0.1","0","0","0","0","0","0","0","10","stable","fairly_owned","low","Avoid"
"Jordan Beyer","DEF","BUR","4","0.2","0","0","0","0","0","0","0","10","stable","fairly_owned","low","Avoid"
"Lucas Pires Silva","DEF","BUR","4","0.2","0","0","0","0","0","0","0","10","stable","fairly_owned","low","Avoid"
"Shurandy Sambo","DEF","BUR","4","0.1","0","0","0","0","0","0","0","10","stable","fairly_owned","low","Avoid"
"Oliver Sonne","DEF","BUR","4","0.1","0","0","0","0","0","0","0","10","stable","fairly_owned","low","Avoid"
"Axel Tuanzebe","DEF","BUR","4","2.7","27","1.2","0","0.21","0.26","0","385","10","cold","fairly_owned","low","Avoid"
"Joe Worrall","DEF","BUR","4","0.1","0","0","0","0","0","0","0","10","stable","fairly_owned","low","Avoid"
"Jaidon Anthony","MID","BUR","5.5","0.1","0","0","0","0","0","0","0","10","stable","fairly_owned","low","Avoid"
"Manuel Benson Hedilazio","MID","BUR","5.5","0","0","0","0","0","0","0","0","10","stable","fairly_owned","low","Avoid"
"Jacob Bruun Larsen","MID","BUR","5.5","0","0","0","0","0","0","0","0","10","stable","fairly_owned","low","Avoid"
"Enock Agyei","MID","BUR","5","0.1","0","0","0","0","0","0","0","10","stable","fairly_owned","low","Avoid"
"Darko Churlinov","MID","BUR","5","0","0","0","0","0","0","0","0","10","stable","fairly_owned","low","Avoid"
"Josh Cullen","MID","BUR","5","0.1","0","0","0","0","0","0","0","10","stable","fairly_owned","low","Avoid"
"Marcus Edwards","MID","BUR","5","0.1","0","0","0","0","0","0","0","10","stable","fairly_owned","low","Avoid"
"Hannibal Mejbri","MID","BUR","5","0.1","0","0","0","0","0","0","0","10","stable","fairly_owned","low","Avoid"
"Luca Koleosho","MID","BUR","5","0","0","0","0","0","0","0","0","10","stable","fairly_owned","low","Avoid"
"Josh Laurent","MID","BUR","5","0","0","0","0","0","0","0","0","10","stable","fairly_owned","low","Avoid"
"Loum Tchaouna","MID","BUR","5","0","0","0","0","0","0","0","0","10","stable","fairly_owned","low","Avoid"
"Aaron Ramsey","MID","BUR","4.5","10.6","0","0","0","0","0","0","0","10","stable","overowned","low","Avoid"
"Oluwaseun Adewumi","MID","BUR","4.5","0.1","0","0","0","0","0","0","0","10","stable","fairly_owned","low","Avoid"
"Jaydon Banel","MID","BUR","4.5","0","0","0","0","0","0","0","0","10","stable","fairly_owned","low","Avoid"
"Mike Trésor Ndayishimiye","MID","BUR","4.5","0.1","0","0","0","0","0","0","0","10","stable","fairly_owned","low","Avoid"
"Zian Flemming","FWD","BUR","5.5","0.2","0","0","0","0","0","0","0","10","stable","fairly_owned","low","Avoid"
"Zeki Amdouni","FWD","BUR","5","0.1","0","0","0","0","0","0","0","10","stable","fairly_owned","low","Avoid"
"Lyle Foster","FWD","BUR","5","0.3","0","0","0","0","0","0","0","10","stable","fairly_owned","low","Avoid"
"Ashley Barnes","FWD","BUR","4.5","2.7","0","0","0","0","0","0","0","10","stable","fairly_owned","low","Avoid"
"Michael Obafemi","FWD","BUR","4.5","0.5","0","0","0","0","0","0","0","10","stable","fairly_owned","low","Avoid"
"Martin Dúbravka","GKP","BUR","4","33.7","44","4.4","0","0","0","0","0","10","cold","overowned","low","Avoid"
"Lesley Ugochukwu","MID","BUR","5","0","0","0","0","0","0","0","0","10","stable","fairly_owned","low","Avoid"
"Armando Broja","FWD","BUR","5.5","0.2","0","0","0","0","0","0","0","10","stable","fairly_owned","low","Avoid"
"Norberto Murara Neto","GKP","BOU","4.5","0.3","7","3.5","0","0","0","0","0","10","cold","underowned","low","Avoid"
"Đorđe Petrović","GKP","BOU","4.5","3.3","0","0","0","0","0","0","0","10","stable","fairly_owned","low","Avoid"
"Will Dennis","GKP","BOU","4","0.9","0","0","0","0","0","0","0","10","stable","fairly_owned","low","Avoid"
"Callan McKenna","GKP","BOU","4","0.2","0","0","0","0","0","0","0","10","stable","fairly_owned","low","Avoid"
"Alex Paulsen","GKP","BOU","4","0.1","0","0","0","0","0","0","0","10","stable","fairly_owned","low","Avoid"
"Illia Zabarnyi","DEF","BOU","5","0.2","94","2.6","0","1.2","0.76","0","132","10","cold","underowned","low","Avoid"
"Marcos Senesi Barón","DEF","BOU","4.5","0.7","31","1.8","0","0.84","0.48","0","0","10","cold","underowned","low","Avoid"
"Adam Smith","DEF","BOU","4.5","0.2","57","2.3","0","0.65","0.68","0","0","10","cold","underowned","low","Avoid"
"Adrien Truffert","DEF","BOU","4.5","0.7","0","0","0","0","0","0","0","10","stable","fairly_owned","low","Avoid"
"Matai Akinmboni","DEF","BOU","4","0.3","0","0","0","0","0","0","0","10","stable","fairly_owned","low","Avoid"
"Owen Bevan","DEF","BOU","4","0.2","0","0","0","0","0","0","0","10","stable","fairly_owned","low","Avoid"
"James Hill","DEF","BOU","4","0.7","17","1.7","0","0.29","0.25","0","400","10","cold","fairly_owned","low","Avoid"
"Julián Araujo Zúñiga","DEF","BOU","4","1.3","12","1","0","0","0.1","0","0","10","cold","fairly_owned","low","Avoid"
"Chris Mepham","DEF","BOU","4","0.2","0","0","0","0","0","0","0","10","stable","fairly_owned","low","Avoid"
"Julio Soler Barreto","DEF","BOU","4","0.3","3","1","0","0","0","0","0","10","cold","fairly_owned","low","Avoid"
"Justin Kluivert","MID","BOU","7","1.4","158","4.6","0","10.05","3.66","119","164","10","cold","underowned","low","Avoid"
"Antoine Semenyo","MID","BOU","7","5.1","165","4.5","0","9.51","4.43","116","158","10","cold","underowned","low","Avoid"
"Dango Ouattara","MID","BOU","6","0.1","111","3.5","0","8.42","3.24","83","123","41.142857142857146","cold","underowned","low","Avoid"
"Marcus Tavernier","MID","BOU","5.5","0.3","87","3","0","5.51","3.65","54","192","10","cold","underowned","low","Avoid"
"Tyler Adams","MID","BOU","5","0.2","58","2.1","0","1.33","0.76","0","395","10","cold","underowned","low","Avoid"
"David Brooks","MID","BOU","5","0.1","52","1.8","0","2.58","2.02","78","50","45.333333333333336","cold","underowned","low","Avoid"
"Ryan Christie","MID","BOU","5","0.1","76","2.6","0","2.14","2.9","93","103","10","cold","underowned","low","Avoid"
"Lewis Cook","MID","BOU","5","0","82","2.3","0","0.94","3.76","106","106","10","cold","underowned","low","Avoid"
"Philip Billing","MID","BOU","5","0.1","10","1","0","0.55","0.97","0","0","85","cold","fairly_owned","low","Avoid"
"Alex Scott","MID","BOU","5","0.1","26","1.3","0","0.73","1","0","0","10","cold","fairly_owned","low","Avoid"
"Luis Sinisterra Lucumí","MID","BOU","5","0.1","23","1.9","0","1.18","1.29","85","78","85","cold","underowned","low","Avoid"
"Romain Faivre","MID","BOU","4.5","0.2","0","0","0","0","0","0","0","10","stable","fairly_owned","low","Avoid"
"Hamed Traorè","MID","BOU","4.5","0.3","0","0","0","0","0","0","0","10","stable","fairly_owned","low","Avoid"
"Dominic Sadi","MID","BOU","4.5","0.1","0","0","0","0","0","0","0","10","stable","fairly_owned","low","Avoid"
"Zain Silcott-Duberry","MID","BOU","4.5","0.1","1","1","0","0","0","0","0","10","cold","fairly_owned","low","Avoid"
"Ben Winterburn","MID","BOU","4.5","0.1","4","1","0","0","0","0","0","10","cold","fairly_owned","low","Avoid"
"Francisco Evanilson de Lima Barbosa","FWD","BOU","7","2","128","4.1","0","12.47","1.74","80","287","10","cold","underowned","low","Avoid"
"Enes Ünal","FWD","BOU","5.5","0","32","1.9","0","2.73","0.26","73","385","85","cold","underowned","low","Avoid"
"Daniel Adu-Adjei","FWD","BOU","4.5","0.3","0","0","0","0","0","0","0","10","stable","fairly_owned","low","Avoid"
"Eli Junior Kroupi","FWD","BOU","4.5","1","0","0","0","0","0","0","0","10","stable","fairly_owned","low","Avoid"
"Bafodé Diakité","DEF","BOU","4.5","0.1","0","0","0","0","0","0","0","10","stable","fairly_owned","low","Avoid"
"Caoimhín Kelleher","GKP","BRE","4.5","13.4","45","4.5","0","0","0","0","0","10","cold","fairly_owned","low","Avoid"
"Ellery Balcombe","GKP","BRE","4","0.3","0","0","0","0","0","0","0","10","stable","fairly_owned","low","Avoid"
"Matthew Cox","GKP","BRE","4","0.1","0","0","0","0","0","0","0","10","stable","fairly_owned","low","Avoid"
"Julian Eyestone","GKP","BRE","4","0.1","0","0","0","0","0","0","0","10","stable","fairly_owned","low","Avoid"
"Hákon Rafn Valdimarsson","GKP","BRE","4","1.1","2","1","0","0","0","0","0","10","cold","fairly_owned","low","Avoid"
"Nathan Collins","DEF","BRE","5","1.8","127","3.3","0","2.44","1.57","82","446","10","cold","underowned","low","Avoid"
"Keane Lewis-Potter","DEF","BRE","5","0.4","94","2.5","0","2.96","4.94","34","101","10","cold","underowned","low","Avoid"
"Kristoffer Ajer","DEF","BRE","4.5","0.2","39","1.6","0","0.97","0.48","0","0","10","cold","underowned","low","Avoid"
"Rico Henry","DEF","BRE","4.5","0.2","4","0.8","0","0","0.01","0","0","10","cold","fairly_owned","low","Avoid"
"Michael Kayode","DEF","BRE","4.5","0.2","27","2.2","0","0.19","0.7","0","143","10","cold","underowned","low","Avoid"
"Ethan Pinnock","DEF","BRE","4.5","0.2","47","2.1","0","1.08","0.64","185","0","10","cold","underowned","low","Avoid"
"Mads Roerslev Rasmussen","DEF","BRE","4.5","0","36","1.9","0","0.2","2.09","0","96","10","cold","underowned","low","Avoid"
"Sepp van den Berg","DEF","BRE","4.5","0.4","62","2","0","2.09","0.52","0","192","10","cold","underowned","low","Avoid"
"Benjamin Arthur","DEF","BRE","4","0.3","0","0","0","0","0","0","0","10","stable","fairly_owned","low","Avoid"
"Benjamin Fredrick","DEF","BRE","4","0.2","0","0","0","0","0","0","0","10","stable","fairly_owned","low","Avoid"
"Aaron Hickey","DEF","BRE","4","0.5","0","0","0","0","0","0","0","10","stable","fairly_owned","low","Avoid"
"Kim Ji-soo","DEF","BRE","4","0.2","3","1","0","0","0","0","0","10","cold","fairly_owned","low","Avoid"
"Jayden Meghoma","DEF","BRE","4","0.2","1","1","0","0","0","0","0","10","cold","fairly_owned","low","Avoid"
"Kevin Schade","MID","BRE","7","0.5","149","3.9","0","8.45","1.75","130","229","10","cold","underowned","low","Avoid"
"Mikkel Damsgaard","MID","BRE","6","1.2","131","3.4","0","2.91","7.01","69","143","10","cold","underowned","low","Avoid"
"Antoni Milambo","MID","BRE","5.5","0.1","0","0","0","0","0","0","0","10","stable","fairly_owned","low","Avoid"
"Fábio Freitas Gouveia Carvalho","MID","BRE","5","0.3","35","1.8","0","2.49","0.54","80","185","84.66666666666667","cold","underowned","low","Avoid"
"Jordan Henderson","MID","BRE","5","0.3","0","0","0","0","0","0","0","10","stable","fairly_owned","low","Avoid"
"Vitaly Janelt","MID","BRE","5","0","73","2.3","0","0.83","2.38","120","126","10","cold","underowned","low","Avoid"
"Mathias Jensen","MID","BRE","5","0.1","38","1.6","0","0.23","1.75","0","114","44.75","cold","underowned","low","Avoid"
"Gustavo Nunes Fernandes Gomes","MID","BRE","5","0","3","1","0","0","0","0","0","10","cold","fairly_owned","low","Avoid"
"Frank Onyeka","MID","BRE","5","0","2","1","0","0","0.02","0","0","10","cold","fairly_owned","low","Avoid"
"Yehor Yarmoliuk","MID","BRE","5","0","43","1.4","0","0.62","0.91","0","0","10","cold","underowned","low","Avoid"
"Romelle Donovan","MID","BRE","4.5","0.1","0","0","0","0","0","0","0","10","stable","fairly_owned","low","Avoid"
"Yunus Emre Konak","MID","BRE","4.5","0.2","10","1","0","0.15","0","0","0","60","cold","fairly_owned","low","Avoid"
"Paris Maghoma","MID","BRE","4.5","0","8","1","0","0.12","0.04","0","0","64","cold","fairly_owned","low","Avoid"
"Myles Peart-Harris","MID","BRE","4.5","0","0","0","0","0","0","0","0","10","stable","fairly_owned","low","Avoid"
"Ryan Trevitt","MID","BRE","4.5","0","1","1","0","0","0","0","0","10","cold","fairly_owned","low","Avoid"
"Yoane Wissa","FWD","BRE","7.5","3.5","185","5.3","0","18.58","2.2","97","273","43.470588235294116","cold","underowned","low","Avoid"
"Igor Thiago Nascimento Rodrigues","FWD","BRE","6","0.9","9","1.1","0","0.13","0.04","0","0","64","cold","fairly_owned","low","Avoid"
"Iwan Morgan","FWD","BRE","4.5","0.5","0","0","0","0","0","0","0","10","stable","fairly_owned","low","Avoid"
"Jason Steele","GKP","BHA","4.5","0.5","9","4.5","0","0","0","0","0","46","cold","underowned","low","Avoid"
"Bart Verbruggen","GKP","BHA","4.5","8.2","103","2.9","0","0","0.01","0","10000","10","cold","fairly_owned","low","Avoid"
"Tom McGill","GKP","BHA","4","0.4","0","0","0","0","0","0","0","10","stable","fairly_owned","low","Avoid"
"Carl Rushworth","GKP","BHA","4","0","0","0","0","0","0","0","0","10","stable","fairly_owned","low","Avoid"
"Kjell Scherpen","GKP","BHA","4","0","0","0","0","0","0","0","0","10","stable","fairly_owned","low","Avoid"
"Olivier Boscagli","DEF","BHA","4.5","0.1","0","0","0","0","0","0","0","10","stable","fairly_owned","low","Avoid"
"Diego Coppola","DEF","BHA","4.5","0.1","0","0","0","0","0","0","0","10","stable","fairly_owned","low","Avoid"
"Maxim De Cuyper","DEF","BHA","4.5","6.8","0","0","0","0","0","0","0","10","stable","fairly_owned","low","Avoid"
"Lewis Dunk","DEF","BHA","4.5","1.2","44","1.8","0","0.81","1.02","0","98","10","cold","fairly_owned","low","Avoid"
"Pervis Estupiñán Tenorio","DEF","BHA","4.5","0","63","2.1","0","1.09","2.43","92","41","10","cold","underowned","low","Avoid"
"Ferdi Kadıoğlu","DEF","BHA","4.5","0.2","19","3.2","0","0.44","0.31","227","0","10","cold","underowned","low","Avoid"
"Igor Julio dos Santos de Paulo","DEF","BHA","4.5","0","18","1.4","0","0.05","0.25","0","0","10","cold","underowned","low","Avoid"
"Tariq Lamptey","DEF","BHA","4.5","0.4","42","2.8","0","0.38","0.8","526","250","10","cold","underowned","low","Avoid"
"Jan Paul van Hecke","DEF","BHA","4.5","1.2","87","2.6","0","1.32","1.41","76","71","10","cold","underowned","low","Avoid"
"Joël Veltman","DEF","BHA","4.5","0.3","59","2.8","0","0.47","1.31","0","0","10","cold","underowned","low","Avoid"
"Adam Webster","DEF","BHA","4.5","0","39","2.8","0","0.25","0.28","0","357","10","cold","underowned","low","Avoid"
"Eiran Cashin","DEF","BHA","4","0","1","0.5","0","0","0","0","0","10","cold","fairly_owned","low","Avoid"
"Jacob Slater","DEF","BHA","4","0.2","0","0","0","0","0","0","0","10","stable","fairly_owned","low","Avoid"
"Charlie Tasker","DEF","BHA","4","0.2","0","0","0","0","0","0","0","10","stable","fairly_owned","low","Avoid"
"Mitoma Kaoru","MID","BHA","6.5","7.3","145","4","0","9.19","4.03","109","124","10","cold","fairly_owned","low","Avoid"
"Georginio Rutter","MID","BHA","6","1.3","95","3.4","0","4.57","1.67","109","359","10","cold","underowned","low","Avoid"
"Solly March","MID","BHA","6","0","7","0.9","0","0.09","0.32","0","0","50","cold","fairly_owned","low","Avoid"
"Yankuba Minteh","MID","BHA","6","1.3","102","3.2","0","4.13","4.99","145","100","10","cold","underowned","low","Avoid"
"Julio Enciso Espínola","MID","BHA","5.5","0.1","59","2.4","0","2.82","1.32","71","227","10","cold","underowned","low","Avoid"
"Brajan Gruda","MID","BHA","5.5","0","45","2.1","0","1.15","1.93","87","207","44","cold","underowned","low","Avoid"
"Jack Hinshelwood","MID","BHA","5.5","0.1","89","3.4","0","2.74","1.5","182","200","10","cold","underowned","low","Avoid"
"Matt O'Riley","MID","BHA","5.5","0.1","50","2.4","0","2.76","2.04","72","147","10","cold","underowned","low","Avoid"
"Abdallah Sima","MID","BHA","5.5","0","0","0","0","0","0","0","0","10","stable","fairly_owned","low","Avoid"
"Yasin Ayari","MID","BHA","5","0.2","74","2.2","0","2.51","2.62","80","38","10","cold","underowned","low","Avoid"
"Carlos Baleba","MID","BHA","5","5","87","2.6","0","3.1","1.21","97","83","10","cold","fairly_owned","low","Avoid"
"Facundo Buonanotte","MID","BHA","5","0.2","75","2.4","0","4.01","2.29","125","87","42.714285714285715","cold","underowned","low","Avoid"
"Diego Gómez Amarilla","MID","BHA","5","0.1","30","1.9","0","0.82","1.16","122","86","65","cold","underowned","low","Avoid"
"James Milner","MID","BHA","5","0.1","6","1.5","0","0.16","0.15","0","0","10","cold","underowned","low","Avoid"
"Jeremy Sarmiento Morante","MID","BHA","5","0","1","1","0","0","0","0","0","10","cold","fairly_owned","low","Avoid"
"Tom Watson","MID","BHA","5","0","0","0","0","0","0","0","0","10","stable","fairly_owned","low","Avoid"
"Mats Wieffer","MID","BHA","5","0.1","52","2.1","0","0.8","1","125","500","48.6","cold","underowned","low","Avoid"
"Malick Yalcouyé","MID","BHA","5","0","0","0","0","0","0","0","0","10","stable","fairly_owned","low","Avoid"
"Joe Knight","MID","BHA","4.5","0.1","0","0","0","0","0","0","0","10","stable","fairly_owned","low","Avoid"
"Adrian Mazilu","MID","BHA","4.5","0","0","0","0","0","0","0","0","10","stable","fairly_owned","low","Avoid"
"Andrew Moran","MID","BHA","4.5","0.1","0","0","0","0","0","0","0","10","stable","fairly_owned","low","Avoid"
"Danny Welbeck","FWD","BHA","6.5","5","125","4.2","0","9.58","1.36","104","368","40.333333333333336","cold","underowned","low","Avoid"
"Evan Ferguson","FWD","BHA","5.5","0","28","1.3","0","1.13","0.66","88","0","64.66666666666667","cold","underowned","low","Avoid"
"Stefanos Tzimas","FWD","BHA","5.5","0.1","0","0","0","0","0","0","0","10","stable","fairly_owned","low","Avoid"
"Charalampos Kostoulas","FWD","BHA","5","0.5","0","0","0","0","0","0","0","10","stable","fairly_owned","low","Avoid"
"Robert Lynch Sánchez","GKP","CHE","5","24.4","126","3.9","0","0","0.02","0","0","10","cold","overowned","low","Avoid"
"Filip Jörgensen","GKP","CHE","4.5","0.2","18","3","0","0","0","0","0","10","cold","underowned","low","Avoid"
"Mike Penders","GKP","CHE","4","0","0","0","0","0","0","0","0","10","stable","fairly_owned","low","Avoid"
"Gabriel Słonina","GKP","CHE","4","0.1","0","0","0","0","0","0","0","10","stable","fairly_owned","low","Avoid"
"Marc Cucurella Saseta","DEF","CHE","6","18.5","133","3.7","0","2.79","2.39","179","84","10","cold","overowned","low","Avoid"
"Reece James","DEF","CHE","5.5","5","54","2.8","0","0.45","1.15","222","174","10","cold","fairly_owned","low","Avoid"
"Trevoh Chalobah","DEF","CHE","5","1","93","3.7","0","1.98","0.64","152","156","10","cold","underowned","low","Avoid"
"Levi Samuels Colwill","DEF","CHE","5","0.6","109","3.1","0","1.92","1.31","104","76","10","cold","underowned","low","Avoid"
"Malo Gusto","DEF","CHE","5","1.7","60","1.9","0","1.44","1.91","0","52","10","cold","fairly_owned","low","Avoid"
"Benoît Badiashile Mukinayi","DEF","CHE","4.5","0","7","1.4","0","0","0.08","0","0","10","cold","underowned","low","Avoid"
"Wesley Fofana","DEF","CHE","4.5","0.3","26","1.9","0","0.44","0.18","0","0","10","cold","underowned","low","Avoid"
"Mamadou Sarr","DEF","CHE","4.5","0","0","0","0","0","0","0","0","10","stable","fairly_owned","low","Avoid"
"Tosin Adarabioyo","DEF","CHE","4.5","1.1","71","3.2","0","0.93","0.23","108","435","40.666666666666664","cold","underowned","low","Avoid"
"Josh Acheampong","DEF","CHE","4","0.3","4","1","0","0.22","0.01","0","0","10","cold","fairly_owned","low","Avoid"
"Aarón Anselmino","DEF","CHE","4","0.1","0","0","0","0","0","0","0","10","stable","fairly_owned","low","Avoid"
"Cole Palmer","MID","CHE","10.5","62.8","214","5.8","0","16.79","9.53","89","105","52.888888888888886","cold","overowned","low","Avoid"
"Pedro Lomba Neto","MID","CHE","7","4","104","3","0","3.48","4.47","115","134","10","cold","underowned","low","Avoid"
"Enzo Fernández","MID","CHE","6.5","3.6","135","3.8","0","6.23","6.11","96","131","43.1875","cold","underowned","low","Avoid"
"Estêvão Almeida de Oliveira Gonçalves","MID","CHE","6.5","1.7","0","0","0","0","0","0","0","10","stable","fairly_owned","low","Avoid"
"Jamie Bynoe-Gittens","MID","CHE","6.5","0.3","0","0","0","0","0","0","0","10","stable","fairly_owned","low","Avoid"
"Christopher Nkunku","MID","CHE","6","0.2","60","2.2","0","5.11","1.01","59","198","42.22222222222222","cold","underowned","low","Avoid"
"Moisés Caicedo Corozo","MID","CHE","5.5","5.6","98","2.6","0","0.81","2.82","123","142","10","cold","fairly_owned","low","Avoid"
"Tyrique George","MID","CHE","5","0.1","17","2.1","0","0.2","0.26","500","385","85","cold","underowned","low","Avoid"
"Roméo Lavia","MID","CHE","5","0","26","1.6","0","0.25","0.38","0","263","10","cold","underowned","low","Avoid"
"Mykhailo Mudryk","MID","CHE","5","0","7","1","0","0.24","0.66","0","0","52","cold","fairly_owned","low","Avoid"
"Andrey Nascimento dos Santos","MID","CHE","4.5","0.3","0","0","0","0","0","0","0","10","stable","fairly_owned","low","Avoid"
"Dário Luís Essugo","MID","CHE","4.5","0","0","0","0","0","0","0","0","10","stable","fairly_owned","low","Avoid"
"Kendry Páez Andrade","MID","CHE","4.5","0","0","0","0","0","0","0","0","10","stable","fairly_owned","low","Avoid"
"João Pedro Junqueira de Jesus","FWD","CHE","7.5","56.5","126","4.7","0","8.96","3.1","112","194","44.869565217391305","cold","overowned","low","Avoid"
"Liam Delap","FWD","CHE","6.5","4.3","132","3.6","0","9.44","1.38","127","145","10","cold","underowned","low","Avoid"
"Nicolas Jackson","FWD","CHE","6.5","0.1","121","4","0","11.68","1.9","86","316","10","cold","underowned","low","Avoid"
"Jorrel Hato","DEF","CHE","5","0.3","0","0","0","0","0","0","0","10","stable","fairly_owned","low","Avoid"
"Dean Henderson","GKP","CRY","5","6.8","135","3.6","0","0.01","0.02","0","0","10","cold","fairly_owned","low","Avoid"
"Walter Benítez","GKP","CRY","4","0.4","0","0","0","0","0","0","0","10","stable","fairly_owned","low","Avoid"
"Remi Matthews","GKP","CRY","4","0.1","0","0","0","0","0","0","0","10","stable","fairly_owned","low","Avoid"
"Daniel Muñoz Mejía","DEF","CRY","5.5","8.7","142","3.8","0","4.92","3.46","81","173","10","cold","fairly_owned","low","Avoid"
"Maxence Lacroix","DEF","CRY","5","1","114","3.3","0","3.5","1.01","29","198","10","cold","underowned","low","Avoid"
"Tyrick Mitchell","DEF","CRY","5","1.2","123","3.3","0","1.31","3.67","0","163","10","cold","underowned","low","Avoid"
"Borna Sosa","DEF","CRY","5","0.1","0","0","0","0","0","0","0","10","stable","fairly_owned","low","Avoid"
"Marc Guéhi","DEF","CRY","4.5","12.8","116","3.4","0","1.87","2.01","160","100","10","cold","fairly_owned","low","Avoid"
"Chris Richards","DEF","CRY","4.5","1.5","68","2.8","0","1.33","0.6","75","167","10","cold","underowned","low","Avoid"
"Chadi Riad Dnanou","DEF","CRY","4","0","1","1","0","0","0.02","0","0","10","cold","fairly_owned","low","Avoid"
"Nathaniel Clyne","DEF","CRY","4","0.7","18","1.4","0","0.02","0.24","0","0","10","cold","fairly_owned","low","Avoid"
"Rob Holding","DEF","CRY","4","0.1","0","0","0","0","0","0","0","10","stable","fairly_owned","low","Avoid"
"Caleb Kporha","DEF","CRY","4","0","2","1","0","0","0.02","0","0","10","cold","fairly_owned","low","Avoid"
"Eberechi Eze","MID","CRY","7.5","10.5","148","4.4","0","10.39","4.67","77","171","10","cold","fairly_owned","low","Avoid"
"Ismaïla Sarr","MID","CRY","6.5","5.5","149","3.9","0","10.82","6.82","74","103","10","cold","underowned","low","Avoid"
"Cheick Doucouré","MID","CRY","5","0","19","1.5","0","0.4","0.11","0","909","10","cold","underowned","low","Avoid"
"Romain Esse","MID","CRY","5","0.2","22","3.1","0","0.32","0.39","313","513","85","cold","underowned","low","Avoid"
"Will Hughes","MID","CRY","5","0.1","67","2","0","1.09","2.64","0","152","10","cold","underowned","low","Avoid"
"Daichi Kamada","MID","CRY","5","0","45","1.3","0","1.12","1.55","0","0","10","cold","underowned","low","Avoid"
"Jefferson Lerma Solís","MID","CRY","5","0.1","58","1.8","0","1.07","1.75","0","57","10","cold","underowned","low","Avoid"
"Adam Wharton","MID","CRY","5","0.6","42","2.1","0","0.38","2.17","0","92","10","cold","underowned","low","Avoid"
"Asher Agbinone","MID","CRY","4.5","0.1","2","1","0","0.02","0.01","0","0","10","cold","fairly_owned","low","Avoid"
"Naouirou Ahamada","MID","CRY","4.5","0","0","0","0","0","0","0","0","10","stable","fairly_owned","low","Avoid"
"Justin Devenny","MID","CRY","4.5","2","34","1.5","0","0.77","0.41","130","244","64.5","cold","fairly_owned","low","Avoid"
"Malcolm Ebiowei","MID","CRY","4.5","0","0","0","0","0","0","0","0","10","stable","fairly_owned","low","Avoid"
"Jesurun Rak-Sakyi","MID","CRY","4.5","0.1","0","0","0","0","0","0","0","10","stable","fairly_owned","low","Avoid"
"Matheus França de Oliveira","MID","CRY","4.5","0","9","2.2","0","0.28","0.18","357","0","68","cold","underowned","low","Avoid"
"David Ozoh","MID","CRY","4.5","0","0","0","0","0","0","0","0","10","stable","fairly_owned","low","Avoid"
"Kaden Rodney","MID","CRY","4.5","0","0","0","0","0","0","0","0","10","stable","fairly_owned","low","Avoid"
"Franco Umeh-Chibueze","MID","CRY","4.5","0","0","0","0","0","0","0","0","10","stable","fairly_owned","low","Avoid"
"Jean-Philippe Mateta","FWD","CRY","7.5","9.3","150","4.1","0","13.77","2.28","102","88","10","cold","fairly_owned","low","Avoid"
"Eddie Nketiah","FWD","CRY","5.5","0.5","53","1.8","0","5.94","0.83","51","241","41.333333333333336","cold","underowned","low","Avoid"
"Odsonne Édouard","FWD","CRY","5","1","7","1.2","0","0.39","0.07","0","0","10","cold","fairly_owned","low","Avoid"
"Zach Marsh","FWD","CRY","4.5","0.3","0","0","0","0","0","0","0","10","stable","fairly_owned","low","Avoid"
"Kiernan Dewsbury-Hall","MID","EVE","5","4.7","18","1.4","0","0.22","0.22","0","455","71","cold","fairly_owned","low","Avoid"
"Jordan Pickford","GKP","EVE","5.5","11.8","158","4.2","0","0","0.22","0","455","10","cold","fairly_owned","low","Avoid"
"Mark Travers","GKP","EVE","4.5","0.2","19","3.8","0","0","0.01","0","0","10","cold","underowned","low","Avoid"
"Harry Tyrer","GKP","EVE","4","0.1","0","0","0","0","0","0","0","10","stable","fairly_owned","low","Avoid"
"Jarrad Branthwaite","DEF","EVE","5.5","1.1","88","2.9","0","1.2","0.61","0","164","10","cold","underowned","low","Avoid"
"James Tarkowski","DEF","EVE","5.5","7.4","105","3.2","0","1.32","2.33","76","43","10","cold","fairly_owned","low","Avoid"
"Vitalii Mykolenko","DEF","EVE","5","1.2","121","3.5","0","0.48","2.12","208","142","10","cold","underowned","low","Avoid"
"Jake O'Brien","DEF","EVE","5","0.6","65","3.2","0","0.77","0.31","260","0","10","cold","underowned","low","Avoid"
"Séamus Coleman","DEF","EVE","4.5","0.2","5","1","0","0.62","0.03","0","0","10","cold","fairly_owned","low","Avoid"
"Michael Keane","DEF","EVE","4.5","0.3","48","3.4","0","0.61","0.02","492","0","10","cold","underowned","low","Avoid"
"Nathan Patterson","DEF","EVE","4.5","0","14","1.4","0","0.07","0.38","0","263","10","cold","underowned","low","Avoid"
"Roman Dixon","DEF","EVE","4","0.2","0","0","0","0","0","0","0","10","stable","fairly_owned","low","Avoid"
"Reece Welch","DEF","EVE","4","0.2","0","0","0","0","0","0","0","10","stable","fairly_owned","low","Avoid"
"Iliman Ndiaye","MID","EVE","6.5","12.9","114","3.5","0","6.23","1.36","144","0","10","cold","fairly_owned","low","Avoid"
"Dwight McNeil","MID","EVE","6","0.5","93","4.4","0","1.05","4.49","381","178","53.46666666666667","cold","underowned","low","Avoid"
"Carlos Alcaraz Durán","MID","EVE","5.5","0.2","44","2.8","0","1.78","0.68","112","441","54.57142857142857","cold","underowned","low","Avoid"
"Idrissa Gana Gueye","MID","EVE","5.5","0.1","89","2.4","0","1.15","1.99","0","151","10","cold","underowned","low","Avoid"
"James Garner","MID","EVE","5","0.1","42","2","0","0.67","1.37","0","73","10","cold","underowned","low","Avoid"
"Tim Iroegbunam","MID","EVE","5","0","22","1.2","0","0.23","0.14","0","714","10","cold","fairly_owned","low","Avoid"
"Harrison Armstrong","MID","EVE","4.5","0.2","2","0.7","0","0.37","0","0","0","10","cold","fairly_owned","low","Avoid"
"Callum Bates","MID","EVE","4.5","0.1","0","0","0","0","0","0","0","10","stable","fairly_owned","low","Avoid"
"Coby Ebere","MID","EVE","4.5","0","0","0","0","0","0","0","0","10","stable","fairly_owned","low","Avoid"
"Isaac Heath","MID","EVE","4.5","0","0","0","0","0","0","0","0","10","stable","fairly_owned","low","Avoid"
"Jenson Metcalfe","MID","EVE","4.5","0","0","0","0","0","0","0","0","10","stable","fairly_owned","low","Avoid"
"Thierno Barry","FWD","EVE","6","0.8","0","0","0","0","0","0","0","10","stable","fairly_owned","low","Avoid"
"Norberto Bercique Gomes Betuncal","FWD","EVE","5.5","9.6","87","2.9","0","7.89","0.44","101","0","10","cold","fairly_owned","low","Avoid"
"Youssef Ramalho Chermiti","FWD","EVE","5","0.2","3","0.8","0","0.11","0","0","0","10","cold","fairly_owned","low","Avoid"
"Martin Sherif","FWD","EVE","4.5","0.2","0","0","0","0","0","0","0","10","stable","fairly_owned","low","Avoid"
"Jack Grealish","MID","EVE","6.5","3.5","38","1.9","0","1.13","1.67","88","60","53.42857142857143","cold","fairly_owned","low","Avoid"
"Adam Aznou","DEF","EVE","4.5","0.1","0","0","0","0","0","0","0","10","stable","fairly_owned","low","Avoid"
"Bernd Leno","GKP","FUL","5","1.7","115","3","0","0","0.03","0","6667","10","cold","underowned","low","Avoid"
"Steven Benda","GKP","FUL","4","0","0","0","0","0","0","0","0","10","stable","fairly_owned","low","Avoid"
"Antonee Robinson","DEF","FUL","5","1.3","106","2.9","0","0.7","4.17","0","240","10","cold","underowned","low","Avoid"
"Joachim Andersen","DEF","FUL","4.5","2.7","51","1.7","0","1.04","0.57","0","0","10","cold","fairly_owned","low","Avoid"
"Calvin Bassey","DEF","FUL","4.5","0.5","75","2.1","0","1.02","0.42","98","0","10","cold","underowned","low","Avoid"
"Timothy Castagne","DEF","FUL","4.5","0.2","46","1.9","0","0.38","0.56","0","179","10","cold","underowned","low","Avoid"
"Issa Diop","DEF","FUL","4.5","0.1","31","1.5","0","0.51","0.07","0","0","10","cold","underowned","low","Avoid"
"Jorge Cuenca Barreno","DEF","FUL","4.5","0","9","1.1","0","0.02","0.01","0","0","10","cold","fairly_owned","low","Avoid"
"Kenny Tete","DEF","FUL","4.5","0.2","49","2.2","0","1.37","0.65","0","308","10","cold","underowned","low","Avoid"
"Samuel Amissah","DEF","FUL","4","0.2","0","0","0","0","0","0","0","10","stable","fairly_owned","low","Avoid"
"Alex Iwobi","MID","FUL","6.5","1.7","156","4.1","0","4.33","6.9","208","87","40.22857142857143","cold","underowned","low","Avoid"
"Emile Smith Rowe","MID","FUL","6","1","114","3.4","0","4.45","2.04","135","147","10","cold","underowned","low","Avoid"
"Adama Traoré Diarra","MID","FUL","5.5","0.3","95","2.6","0","4.11","4.61","49","174","42.666666666666664","cold","underowned","low","Avoid"
"Andreas Hoelgebaum Pereira","MID","FUL","5.5","0.4","81","2.5","0","4.24","4.63","47","130","10","cold","underowned","low","Avoid"
"Ryan Sessegnon","MID","FUL","5.5","0","57","3.6","0","1.64","1.12","244","179","10","cold","underowned","low","Avoid"
"Harry Wilson","MID","FUL","5.5","1.1","78","3.1","0","4.19","1.17","143","171","54.833333333333336","cold","underowned","low","Avoid"
"Sander Berge","MID","FUL","5","0.1","53","1.7","0","0.45","0.63","0","0","10","cold","underowned","low","Avoid"
"Tom Cairney","MID","FUL","5","0","33","1.3","0","0.73","1.14","274","0","85","cold","underowned","low","Avoid"
"Saša Lukić","MID","FUL","5","0.1","56","1.9","0","1.16","1.4","0","143","10","cold","underowned","low","Avoid"
"Martial Godo","MID","FUL","4.5","0.1","2","1","0","0","0.07","0","0","10","cold","fairly_owned","low","Avoid"
"Luke Harris","MID","FUL","4.5","0","0","0","0","0","0","0","0","10","stable","fairly_owned","low","Avoid"
"Josh King","MID","FUL","4.5","0.8","10","1.2","0","0.28","0.67","0","0","60","cold","fairly_owned","low","Avoid"
"Harrison Reed","MID","FUL","4.5","0.3","10","0.8","0","0.23","0.09","0","0","72","cold","fairly_owned","low","Avoid"
"Raúl Jiménez Rodríguez","FWD","FUL","6.5","2.3","147","3.9","0","11.97","2.07","100","145","10","cold","underowned","low","Avoid"
"Rodrigo Muniz Carvalho","FWD","FUL","5.5","2","86","2.8","0","5.91","0.2","135","500","85","cold","underowned","low","Avoid"
"Benjamin Lecomte","GKP","FUL","4","0.9","0","0","0","0","0","0","0","10","stable","fairly_owned","low","Avoid"
"Illan Meslier","GKP","LEE","4.5","0.9","0","0","0","0","0","0","0","10","stable","fairly_owned","low","Avoid"
"Alex Cairns","GKP","LEE","4","0.2","0","0","0","0","0","0","0","10","stable","fairly_owned","low","Avoid"
"Karl Darlow","GKP","LEE","4","3.7","0","0","0","0","0","0","0","10","stable","fairly_owned","low","Avoid"
"Jayden Bogle","DEF","LEE","4.5","0.2","0","0","0","0","0","0","0","10","stable","fairly_owned","low","Avoid"
"Pascal Struijk","DEF","LEE","4.5","0.4","0","0","0","0","0","0","0","10","stable","fairly_owned","low","Avoid"
"Jaka Bijol","DEF","LEE","4","0.2","0","0","0","0","0","0","0","10","stable","fairly_owned","low","Avoid"
"Sebastiaan Bornauw","DEF","LEE","4","0.1","0","0","0","0","0","0","0","10","stable","fairly_owned","low","Avoid"
"Sam Byram","DEF","LEE","4","0.3","0","0","0","0","0","0","0","10","stable","fairly_owned","low","Avoid"
"Gabriel Gudmundsson","DEF","LEE","4","2.8","0","0","0","0","0","0","0","10","stable","fairly_owned","low","Avoid"
"Joe Rodon","DEF","LEE","4","2.2","0","0","0","0","0","0","0","10","stable","fairly_owned","low","Avoid"
"Isaac Schmidt","DEF","LEE","4","0.2","0","0","0","0","0","0","0","10","stable","fairly_owned","low","Avoid"
"Brenden Aaronson","MID","LEE","5.5","0.1","0","0","0","0","0","0","0","10","stable","fairly_owned","low","Avoid"
"Wilfried Gnonto","MID","LEE","5.5","0.4","0","0","0","0","0","0","0","10","stable","fairly_owned","low","Avoid"
"Jack Harrison","MID","LEE","5.5","0.2","81","2.4","0","3.54","3.12","28","96","10","cold","underowned","low","Avoid"
"Daniel James","MID","LEE","5.5","0.5","0","0","0","0","0","0","0","10","stable","fairly_owned","low","Avoid"
"Ethan Ampadu","MID","LEE","5","0.1","0","0","0","0","0","0","0","10","stable","fairly_owned","low","Avoid"
"Sam Greenwood","MID","LEE","5","0.1","0","0","0","0","0","0","0","10","stable","fairly_owned","low","Avoid"
"Ilia Gruev","MID","LEE","5","0.1","0","0","0","0","0","0","0","10","stable","fairly_owned","low","Avoid"
"Largie Ramazani","MID","LEE","5","0.1","0","0","0","0","0","0","0","10","stable","fairly_owned","low","Avoid"
"Tanaka Ao","MID","LEE","5","0.3","0","0","0","0","0","0","0","10","stable","fairly_owned","low","Avoid"
"Charlie Crew","MID","LEE","4.5","0","0","0","0","0","0","0","0","10","stable","fairly_owned","low","Avoid"
"Joe Gelhardt","MID","LEE","4.5","0.1","0","0","0","0","0","0","0","10","stable","fairly_owned","low","Avoid"
"Darko Gyabi","MID","LEE","4.5","0.1","0","0","0","0","0","0","0","10","stable","fairly_owned","low","Avoid"
"Joël Piroe","FWD","LEE","5.5","2.3","0","0","0","0","0","0","0","10","stable","fairly_owned","low","Avoid"
"Patrick Bamford","FWD","LEE","5","2.3","0","0","0","0","0","0","0","10","stable","fairly_owned","low","Avoid"
"Mateo Joseph Fernández-Regatillo","FWD","LEE","5","0.1","0","0","0","0","0","0","0","10","stable","fairly_owned","low","Avoid"
"Lukas Nmecha","FWD","LEE","5","0.4","0","0","0","0","0","0","0","10","stable","fairly_owned","low","Avoid"
"Sean Longstaff","MID","LEE","5","0.2","34","1.4","0","0.6","0.22","0","455","10","cold","underowned","low","Avoid"
"Anton Stach","MID","LEE","5","0.3","0","0","0","0","0","0","0","10","stable","fairly_owned","low","Avoid"
"Lucas Estella Perri","GKP","LEE","4.5","0.3","0","0","0","0","0","0","0","10","stable","fairly_owned","low","Avoid"
"Alisson Becker","GKP","LIV","5.5","11.3","112","4","0","0","0.2","0","0","10","cold","fairly_owned","low","Avoid"
"Giorgi Mamardashvili","GKP","LIV","4.5","0.5","0","0","0","0","0","0","0","10","stable","fairly_owned","low","Avoid"
"Ármin Pécsi","GKP","LIV","4","0.1","0","0","0","0","0","0","0","10","stable","fairly_owned","low","Avoid"
"Freddie Woodman","GKP","LIV","4","0.1","0","0","0","0","0","0","0","10","stable","fairly_owned","low","Avoid"
"Jeremie Frimpong","DEF","LIV","6","31.1","0","0","0","0","0","0","0","10","stable","overowned","low","Avoid"
"Milos Kerkez","DEF","LIV","6","7.2","134","3.5","0","0.6","2.57","333","233","10","cold","fairly_owned","low","Avoid"
"Andrew Robertson","DEF","LIV","6","1.4","91","2.8","0","1.12","4.27","0","23","10","cold","underowned","low","Avoid"
"Virgil van Dijk","DEF","LIV","6","23.3","143","3.9","0","2.22","0.98","135","102","10","cold","overowned","low","Avoid"
"Ibrahima Konaté","DEF","LIV","5.5","2.9","106","3.4","0","1.8","0.91","56","220","10","cold","underowned","low","Avoid"
"Conor Bradley","DEF","LIV","5","0.2","41","2.2","0","0.7","1.43","0","140","45.714285714285715","cold","underowned","low","Avoid"
"Joe Gomez","DEF","LIV","5","0.1","14","1.6","0","0.33","0.09","0","0","10","cold","underowned","low","Avoid"
"Konstantinos Tsimikas","DEF","LIV","5","0.1","43","2.4","0","0.39","2.32","0","43","48.22222222222222","cold","underowned","low","Avoid"
"Amara Nallo","DEF","LIV","4","0.1","0","0","0","0","0","0","0","10","stable","fairly_owned","low","Avoid"
"Rhys Williams","DEF","LIV","4","0.2","0","0","0","0","0","0","0","10","stable","fairly_owned","low","Avoid"
"Calvin Ramsay","DEF","LIV","4","0.2","0","0","0","0","0","0","0","10","stable","fairly_owned","low","Avoid"
"Mohamed Salah","MID","LIV","14.5","54.2","344","9.1","0","24.7","8.99","117","200","59.63157894736842","cold","overowned","low","Avoid"
"Florian Wirtz","MID","LIV","8.5","35.1","0","0","0","0","0","0","0","10","stable","overowned","low","Avoid"
"Luis Díaz Marulanda","MID","LIV","8","0.2","183","5.1","0","11.9","4.34","109","161","45.285714285714285","cold","underowned","low","Avoid"
"Cody Gakpo","MID","LIV","7.5","7.1","127","3.6","0","7.12","3.76","140","133","49.73913043478261","cold","fairly_owned","low","Avoid"
"Federico Chiesa","MID","LIV","6.5","0.1","7","1.2","0","0.34","0.15","0","0","10","cold","underowned","low","Avoid"
"Alexis Mac Allister","MID","LIV","6.5","1.6","122","3.5","0","2.89","5.57","173","108","10","cold","underowned","low","Avoid"
"Dominik Szoboszlai","MID","LIV","6.5","2.1","143","4","0","6.94","6.06","86","165","41.724137931034484","cold","underowned","low","Avoid"
"Curtis Jones","MID","LIV","5.5","0.1","87","2.6","0","4.34","1.46","69","342","41.68421052631579","cold","underowned","low","Avoid"
"Harvey Elliott","MID","LIV","5.5","0.2","33","1.8","0","1.78","0.64","56","313","85","cold","underowned","low","Avoid"
"Ryan Gravenberch","MID","LIV","5.5","0.1","92","2.5","0","1.13","3.5","0","114","10","cold","underowned","low","Avoid"
"Ben Doak","MID","LIV","5","0","0","0","0","0","0","0","0","10","stable","fairly_owned","low","Avoid"
"Endo Wataru","MID","LIV","5","0.1","21","1.1","0","0","0.09","0","0","85","cold","fairly_owned","low","Avoid"
"Stefan Bajčetić Maquieira","MID","LIV","4.5","0.1","0","0","0","0","0","0","0","10","stable","fairly_owned","low","Avoid"
"James McConnell","MID","LIV","4.5","0","0","0","0","0","0","0","0","10","stable","fairly_owned","low","Avoid"
"Tyler Morton","MID","LIV","4.5","0","0","0","0","0","0","0","0","10","stable","fairly_owned","low","Avoid"
"Trey Nyoni","MID","LIV","4.5","0.1","0","0","0","0","0","0","0","10","stable","fairly_owned","low","Avoid"
"Darwin Núñez Ribeiro","FWD","LIV","6.5","0.3","66","2.2","0","5.76","0.51","87","588","61","cold","underowned","low","Avoid"
"Jayden Danns","FWD","LIV","4.5","0.1","1","1","0","0","0.01","0","0","10","cold","fairly_owned","low","Avoid"
"Hugo Ekitiké","FWD","LIV","8.5","14","0","0","0","0","0","0","0","10","stable","overowned","low","Avoid"
"James Trafford","GKP","MCI","5","1.8","0","0","0","0","0","0","0","10","stable","fairly_owned","low","Avoid"
"Ederson Santana de Moraes","GKP","MCI","5.5","3.3","111","4.3","0","0","0.16","0","2500","10","cold","underowned","low","Avoid"
"Stefan Ortega Moreno","GKP","MCI","5","0.3","35","2.7","0","0","0","0","0","10","cold","underowned","low","Avoid"
"Marcus Bettinelli","GKP","MCI","4","0.2","0","0","0","0","0","0","0","10","stable","fairly_owned","low","Avoid"
"Rayan Aït-Nouri","DEF","MCI","6","20","125","3.4","0","2.69","3.98","149","176","10","cold","overowned","low","Avoid"
"Joško Gvardiol","DEF","MCI","6","16","153","4.1","0","4.6","2.92","109","0","10","cold","fairly_owned","low","Avoid"
"Manuel Akanji","DEF","MCI","5.5","0.8","61","2.3","0","1.57","1.3","0","0","10","cold","underowned","low","Avoid"
"Nathan Aké","DEF","MCI","5.5","0.6","25","2.5","0","0.22","0.17","0","0","10","cold","underowned","low","Avoid"
"Abdukodir Khusanov","DEF","MCI","5.5","0.3","14","2.3","0","0.02","0.09","0","0","10","cold","underowned","low","Avoid"
"Matheus Nunes","DEF","MCI","5.5","0.5","81","3.1","0","1.11","3.32","90","211","10","cold","underowned","low","Avoid"
"Rúben dos Santos Gato Alves Dias","DEF","MCI","5.5","2.8","90","3.3","0","1.54","1.2","0","0","10","cold","underowned","low","Avoid"
"John Stones","DEF","MCI","5.5","0.6","29","2.6","0","0.6","0.17","333","0","10","cold","underowned","low","Avoid"
"Rico Lewis","DEF","MCI","5","0.6","66","2.4","0","1.32","1.01","76","198","10","cold","underowned","low","Avoid"
"Nico O'Reilly","DEF","MCI","5","0.2","31","3.4","0","1.28","0.68","156","0","10","cold","underowned","low","Avoid"
"Vitor de Oliveira Nunes dos Reis","DEF","MCI","5","0","1","1","0","0","0","0","0","10","cold","fairly_owned","low","Avoid"
"Omar Marmoush","MID","MCI","8.5","11.8","73","4.6","0","5.41","1.71","129","58","46.57142857142857","cold","fairly_owned","low","Avoid"
"Phil Foden","MID","MCI","8","1.1","105","3.8","0","5.17","5.33","135","56","45.4","cold","underowned","low","Avoid"
"Sávio Moreira de Oliveira","MID","MCI","7","1.6","106","3.7","0","5.02","6.1","20","180","42.095238095238095","cold","underowned","low","Avoid"
"Bernardo Mota Veiga de Carvalho e Silva","MID","MCI","6.5","0.8","110","3.3","0","3.84","4.56","104","88","10","cold","underowned","low","Avoid"
"Rayan Cherki","MID","MCI","6.5","7.9","0","0","0","0","0","0","0","10","stable","fairly_owned","low","Avoid"
"Jérémy Doku","MID","MCI","6.5","1.1","88","3","0","1.32","3.81","227","157","53.125","cold","underowned","low","Avoid"
"İlkay Gündoğan","MID","MCI","6.5","0.2","97","2.9","0","3.21","4.43","31","158","10","cold","underowned","low","Avoid"
"Rodrigo 'Rodri' Hernandez Cascante","MID","MCI","6.5","0.6","3","1","0","0","0.09","0","0","42","cold","fairly_owned","low","Avoid"
"Mateo Kovačić","MID","MCI","6","0","109","3.5","0","1.91","3.21","314","93","43.36","cold","underowned","low","Avoid"
"Nico González Iglesias","MID","MCI","6","0.1","31","2.8","0","0.45","0.48","222","208","10","cold","underowned","low","Avoid"
"Oscar Bobb","MID","MCI","5.5","0.1","3","1","0","0","0.02","0","0","10","cold","fairly_owned","low","Avoid"
"Claudio Echeverri","MID","MCI","5.5","0","1","1","0","0","0.01","0","0","10","cold","fairly_owned","low","Avoid"
"James McAtee","MID","MCI","5.5","0.2","31","2.1","0","2.8","0.8","107","0","68","cold","underowned","low","Avoid"
"Tijjani Reijnders","MID","MCI","5.5","17.3","0","0","0","0","0","0","0","10","stable","overowned","low","Avoid"
"Sverre Nypan","MID","MCI","5","0","0","0","0","0","0","0","0","10","stable","fairly_owned","low","Avoid"
"Kalvin Phillips","MID","MCI","5","0.1","27","1.4","0","0.45","0.46","0","0","10","cold","underowned","low","Avoid"
"Erling Haaland","FWD","MCI","14","23.6","181","5.8","0","21.9","2.04","100","147","51.29032258064516","cold","fairly_owned","low","Avoid"
"Bryan Mbeumo","MID","MUN","8","14.5","236","6.2","0","12.52","9.24","160","97","49.89473684210526","cold","fairly_owned","low","Avoid"
"Altay Bayındır","GKP","MUN","5","0.4","8","2","0","0","0","0","0","10","cold","underowned","low","Avoid"
"André Onana","GKP","MUN","5","0.1","120","3.5","0","0","0.2","0","0","10","cold","underowned","low","Avoid"
"Elyh Harrison","GKP","MUN","4","0","0","0","0","0","0","0","0","10","stable","fairly_owned","low","Avoid"
"Tom Heaton","GKP","MUN","4","0.3","0","0","0","0","0","0","0","10","stable","fairly_owned","low","Avoid"
"Dermot Mee","GKP","MUN","4","0.1","0","0","0","0","0","0","0","10","stable","fairly_owned","low","Avoid"
"Matthijs de Ligt","DEF","MUN","5","1.4","68","2.3","0","2.48","0.25","81","0","10","cold","underowned","low","Avoid"
"Lisandro Martínez","DEF","MUN","5","0.2","68","3.4","0","1.33","1.21","150","83","10","cold","underowned","low","Avoid"
"Noussair Mazraoui","DEF","MUN","5","0.4","88","2.4","0","0.69","1.87","0","53","10","cold","underowned","low","Avoid"
"Diego León Blanco","DEF","MUN","4.5","0.1","0","0","0","0","0","0","0","10","stable","fairly_owned","low","Avoid"
"Diogo Dalot Teixeira","DEF","MUN","4.5","2.3","95","2.9","0","1.96","2.35","0","170","10","cold","underowned","low","Avoid"
"Patrick Dorgu","DEF","MUN","4.5","6.8","18","1.5","0","0.43","1.27","0","0","10","cold","fairly_owned","low","Avoid"
"Harry Maguire","DEF","MUN","4.5","0.7","48","1.8","0","1.82","0.25","55","0","10","cold","underowned","low","Avoid"
"Luke Shaw","DEF","MUN","4.5","0.2","5","0.7","0","0.03","0.77","0","0","10","cold","fairly_owned","low","Avoid"
"Leny Yoro","DEF","MUN","4.5","1.4","22","1","0","0.7","0.15","0","0","10","cold","fairly_owned","low","Avoid"
"Harry Amass","DEF","MUN","4","0.2","4","0.8","0","0.07","0.07","0","0","10","cold","fairly_owned","low","Avoid"
"Tyler Fredricson","DEF","MUN","4","0.1","2","1","0","0","0.02","0","0","10","cold","fairly_owned","low","Avoid"
"Ayden Heaven","DEF","MUN","4","1.7","10","2.5","0","0.12","0.01","0","0","47","cold","underowned","low","Avoid"
"Tyrell Malacia","DEF","MUN","4","0.3","2","0.7","0","0","0.02","0","0","10","cold","fairly_owned","low","Avoid"
"Bruno Borges Fernandes","MID","MUN","9","21.8","174","4.8","0","9.93","7.89","81","152","46.285714285714285","cold","overowned","low","Avoid"
"Matheus Santos Carneiro da Cunha","MID","MUN","8","8.2","178","5.4","0","8.73","5.29","172","132","57.793103448275865","cold","underowned","low","Avoid"
"Marcus Rashford","MID","MUN","7","0.1","95","3.8","0","4.67","3.43","128","117","41.625","cold","underowned","low","Avoid"
"Amad Diallo","MID","MUN","6.5","3.2","129","5","0","4.71","3.98","170","201","56.9","cold","underowned","low","Avoid"
"Alejandro Garnacho Ferreyra","MID","MUN","6.5","0.2","106","2.9","0","7.4","2.76","81","145","10","cold","underowned","low","Avoid"
"Antony dos Santos","MID","MUN","6","0.1","8","1","0","0.6","0.21","0","0","74","cold","fairly_owned","low","Avoid"
"Mason Mount","MID","MUN","6","0.2","25","1.5","0","3.37","0.57","30","0","10","cold","underowned","low","Avoid"
"Jadon Sancho","MID","MUN","6","0.1","86","2.8","0","2.13","3.1","141","161","10","cold","underowned","low","Avoid"
"Carlos Henrique Casimiro","MID","MUN","5.5","0.2","48","2","0","1.8","1.99","56","0","10","cold","underowned","low","Avoid"
"Kobbie Mainoo","MID","MUN","5","0.8","42","1.7","0","0.84","1.78","0","0","10","cold","underowned","low","Avoid"
"Manuel Ugarte Ribeiro","MID","MUN","5","0.2","49","1.7","0","1","0.67","100","299","10","cold","underowned","low","Avoid"
"Toby Collyer","MID","MUN","4.5","0.1","6","1","0","0.08","0.37","0","0","80","cold","fairly_owned","low","Avoid"
"Jayce Fitzgerald","MID","MUN","4.5","0","0","0","0","0","0","0","0","10","stable","fairly_owned","low","Avoid"
"Jack Fletcher","MID","MUN","4.5","0","0","0","0","0","0","0","0","10","stable","fairly_owned","low","Avoid"
"Sékou Koné","MID","MUN","4.5","0.1","0","0","0","0","0","0","0","10","stable","fairly_owned","low","Avoid"
"Jack Moorhouse","MID","MUN","4.5","0","0","0","0","0","0","0","0","10","stable","fairly_owned","low","Avoid"
"Rasmus Højlund","FWD","MUN","6.5","0.7","78","2.4","0","5.1","1.14","78","88","10","cold","underowned","low","Avoid"
"Joshua Zirkzee","FWD","MUN","6","0.4","64","2","0","4.64","1.04","65","192","10","cold","underowned","low","Avoid"
"Chido Obi","FWD","MUN","4.5","2.5","7","1","0","0.66","0.03","0","0","42","cold","fairly_owned","low","Avoid"
"Ethan Wheatley","FWD","MUN","4.5","0.1","0","0","0","0","0","0","0","10","stable","fairly_owned","low","Avoid"
"Benjamin Sesko","FWD","MUN","7.5","7.7","0","0","0","0","0","0","0","10","stable","fairly_owned","low","Avoid"
"Nick Pope","GKP","NEW","5","3.4","102","3.6","0","0","0","0","0","10","cold","underowned","low","Avoid"
"Mark Gillespie","GKP","NEW","4","0.1","0","0","0","0","0","0","0","10","stable","fairly_owned","low","Avoid"
"Odysseas Vlachodimos","GKP","NEW","4","0.1","0","0","0","0","0","0","0","10","stable","fairly_owned","low","Avoid"
"Lewis Hall","DEF","NEW","5.5","2.2","102","3.8","0","0.43","3.73","0","188","10","cold","underowned","low","Avoid"
"Fabian Schär","DEF","NEW","5.5","2.5","118","3.5","0","3.94","1.01","102","198","10","cold","underowned","low","Avoid"
"Sven Botman","DEF","NEW","5","0.5","18","2.2","0","0.59","0.22","0","0","10","cold","underowned","low","Avoid"
"Dan Burn","DEF","NEW","5","3.4","115","3.1","0","1.97","1.09","51","92","10","cold","underowned","low","Avoid"
"Tino Livramento","DEF","NEW","5","3.7","105","2.8","0","0.33","2.7","0","37","10","cold","fairly_owned","low","Avoid"
"Kieran Trippier","DEF","NEW","5","1.8","72","2.9","0","0.12","1.44","0","208","41","cold","underowned","low","Avoid"
"Emil Krafth","DEF","NEW","4.5","0.1","17","1.4","0","0.04","0.04","0","0","55","cold","fairly_owned","low","Avoid"
"Jamaal Lascelles","DEF","NEW","4.5","0.1","0","0","0","0","0","0","0","10","stable","fairly_owned","low","Avoid"
"Alex Murphy","DEF","NEW","4","0.8","0","0","0","0","0","0","0","10","stable","fairly_owned","low","Avoid"
"Harrison Ashby","DEF","NEW","4","0.1","0","0","0","0","0","0","0","10","stable","fairly_owned","low","Avoid"
"Miodrag Pivaš","DEF","NEW","4","0.1","0","0","0","0","0","0","0","10","stable","fairly_owned","low","Avoid"
"Matt Targett","DEF","NEW","4","0.5","2","1","0","0","0.07","0","0","10","cold","fairly_owned","low","Avoid"
"Anthony Gordon","MID","NEW","7.5","1.3","124","3.6","0","8.19","4.8","73","125","10","cold","underowned","low","Avoid"
"Anthony Elanga","MID","NEW","7","8.9","153","4","0","4.81","5.12","125","215","10","cold","fairly_owned","low","Avoid"
"Harvey Barnes","MID","NEW","6.5","0.6","130","3.9","0","6.45","4.4","140","114","52","cold","underowned","low","Avoid"
"Bruno Guimarães Rodriguez Moura","MID","NEW","6.5","1.7","135","3.6","0","4.34","5.32","115","113","10","cold","underowned","low","Avoid"
"Jacob Murphy","MID","NEW","6.5","2.7","159","4.5","0","5.89","6.14","136","212","10","cold","underowned","low","Avoid"
"Joelinton Cássio Apolinário de Lira","MID","NEW","6","0.5","99","3.4","0","3.74","2.17","107","184","10","cold","underowned","low","Avoid"
"Sandro Tonali","MID","NEW","5.5","2","106","2.9","0","4.46","2.77","90","72","10","cold","underowned","low","Avoid"
"Antoñito Cordero Campillo","MID","NEW","5","0","0","0","0","0","0","0","0","10","stable","fairly_owned","low","Avoid"
"Joe Willock","MID","NEW","5","0.1","46","1.4","0","1.65","0.93","0","215","10","cold","underowned","low","Avoid"
"Isaac Hayden","MID","NEW","4.5","0","0","0","0","0","0","0","0","10","stable","fairly_owned","low","Avoid"
"Garang Kuol","MID","NEW","4.5","0.1","0","0","0","0","0","0","0","10","stable","fairly_owned","low","Avoid"
"Lewis Miley","MID","NEW","4.5","2.8","21","1.5","0","0.57","0.3","175","0","85","cold","fairly_owned","low","Avoid"
"Joe White","MID","NEW","4.5","0","0","0","0","0","0","0","0","10","stable","fairly_owned","low","Avoid"
"Alexander Isak","FWD","NEW","10.5","11.4","211","6.2","0","20.33","3.59","113","167","49.88235294117647","cold","underowned","low","Avoid"
"William Osula","FWD","NEW","5.5","0.2","19","1.4","0","0.16","0.05","625","0","85","cold","underowned","low","Avoid"
"Sean Neave","FWD","NEW","4.5","0.2","0","0","0","0","0","0","0","10","stable","fairly_owned","low","Avoid"
"Aaron Ramsdale","GKP","NEW","5","0.9","0","0","0","0","0","0","0","10","stable","fairly_owned","low","Avoid"
"Malick Thiaw","DEF","NEW","5","0.1","0","0","0","0","0","0","0","10","stable","fairly_owned","low","Avoid"
"Matz Sels","GKP","NFO","5","21.1","150","3.9","0","0","0.26","0","385","10","cold","overowned","low","Avoid"
"Carlos Miguel dos Santos Pereira","GKP","NFO","4","0.2","0","0","0","0","0","0","0","10","stable","fairly_owned","low","Avoid"
"Matt Turner","GKP","NFO","4","0.3","0","0","0","0","0","0","0","10","stable","fairly_owned","low","Avoid"
"Nikola Milenković","DEF","NFO","5.5","10.4","145","3.9","0","4.05","0.73","123","274","10","cold","fairly_owned","low","Avoid"
"Murillo Costa dos Santos","DEF","NFO","5.5","6.9","130","3.6","0","1.47","1.15","136","0","10","cold","fairly_owned","low","Avoid"
"Ola Aina","DEF","NFO","5","15.6","128","3.7","0","0.63","2.25","317","44","10","cold","overowned","low","Avoid"
"Neco Williams","DEF","NFO","5","10.1","109","3.1","0","2.29","1.54","44","195","10","cold","fairly_owned","low","Avoid"
"David Mota Veiga Teixeira do Carmo","DEF","NFO","4.5","0.1","0","0","0","0","0","0","0","10","stable","fairly_owned","low","Avoid"
"Jair Paula da Cunha Filho","DEF","NFO","4.5","0.1","0","0","0","0","0","0","0","10","stable","fairly_owned","low","Avoid"
"Felipe Rodrigues da Silva","DEF","NFO","4.5","0.1","36","1.4","0","0.18","0.03","0","0","41.666666666666664","cold","fairly_owned","low","Avoid"
"Omar Richards","DEF","NFO","4.5","0","0","0","0","0","0","0","0","10","stable","fairly_owned","low","Avoid"
"Zach Abbott","DEF","NFO","4","0.2","0","0","0","0","0","0","0","10","stable","fairly_owned","low","Avoid"
"Willy Boly","DEF","NFO","4","0.5","6","1","0","0.07","0","0","0","52","cold","fairly_owned","low","Avoid"
"Morgan Gibbs-White","MID","NFO","7.5","5.3","154","4.5","0","6.31","4.68","111","235","10","cold","underowned","low","Avoid"
"Callum Hudson-Odoi","MID","NFO","6","1.3","103","3.3","0","2.52","2.54","198","118","10","cold","underowned","low","Avoid"
"Elliot Anderson","MID","NFO","5.5","7.3","107","2.9","0","2.04","3.51","98","171","10","cold","fairly_owned","low","Avoid"
"João Pedro Ferreira da Silva","MID","NFO","5.5","0.1","52","1.7","0","2.13","1.87","141","107","84.8","cold","underowned","low","Avoid"
"Nicolás Domínguez","MID","NFO","5","0","54","1.6","0","1.58","1.58","0","63","10","cold","underowned","low","Avoid"
"Lewis O'Brien","MID","NFO","5","0","0","0","0","0","0","0","0","10","stable","fairly_owned","low","Avoid"
"Ibrahim Sangaré","MID","NFO","5","0.1","20","1.5","0","0.02","0.21","0","476","10","cold","underowned","low","Avoid"
"Ryan Yates","MID","NFO","5","0.1","67","1.9","0","2.41","0.47","83","426","10","cold","underowned","low","Avoid"
"Eric da Silva Moreira","MID","NFO","4.5","0.2","2","1","0","0","0","0","0","10","cold","fairly_owned","low","Avoid"
"Marko Stamenić","MID","NFO","4.5","0.1","0","0","0","0","0","0","0","10","stable","fairly_owned","low","Avoid"
"Chris Wood","FWD","NFO","7.5","13.5","200","5.6","0","13.42","1.59","149","189","42.51428571428571","cold","fairly_owned","low","Avoid"
"Igor Jesus Maciel da Cruz","FWD","NFO","6","0.9","0","0","0","0","0","0","0","10","stable","fairly_owned","low","Avoid"
"Taiwo Awoniyi","FWD","NFO","5.5","0.8","32","1.2","0","2.15","0.12","47","0","59.333333333333336","cold","fairly_owned","low","Avoid"
"Dan Ndoye","MID","NFO","6","0.3","0","0","0","0","0","0","0","10","stable","fairly_owned","low","Avoid"
"Angus Gunn","GKP","NFO","4","1.6","0","0","0","0","0","0","0","10","stable","fairly_owned","low","Avoid"
"Marc Guiu Paz","FWD","SUN","4.5","19","3","1","0","0","0.02","0","0","10","cold","overowned","low","Avoid"
"Anthony Patterson","GKP","SUN","4.5","0.4","0","0","0","0","0","0","0","10","stable","fairly_owned","low","Avoid"
"Simon Moore","GKP","SUN","4","0.5","0","0","0","0","0","0","0","10","stable","fairly_owned","low","Avoid"
"Blondy Nna Noukeu","GKP","SUN","4","0.2","0","0","0","0","0","0","0","10","stable","fairly_owned","low","Avoid"
"Daniel Ballard","DEF","SUN","4.5","0.2","0","0","0","0","0","0","0","10","stable","fairly_owned","low","Avoid"
"Trai Hume","DEF","SUN","4.5","0.2","0","0","0","0","0","0","0","10","stable","fairly_owned","low","Avoid"
"Aji Alese","DEF","SUN","4","0","0","0","0","0","0","0","0","10","stable","fairly_owned","low","Avoid"
"Joe Anderson","DEF","SUN","4","0.5","0","0","0","0","0","0","0","10","stable","fairly_owned","low","Avoid"
"Dennis Cirkin","DEF","SUN","4","0","0","0","0","0","0","0","0","10","stable","fairly_owned","low","Avoid"
"Leo Fuhr Hjelde","DEF","SUN","4","0","0","0","0","0","0","0","0","10","stable","fairly_owned","low","Avoid"
"Niall Huggins","DEF","SUN","4","0.2","0","0","0","0","0","0","0","10","stable","fairly_owned","low","Avoid"
"Zak Johnson","DEF","SUN","4","0.2","0","0","0","0","0","0","0","10","stable","fairly_owned","low","Avoid"
"Luke O'Nien","DEF","SUN","4","0","0","0","0","0","0","0","0","10","stable","fairly_owned","low","Avoid"
"Timothée Pembélé","DEF","SUN","4","0.2","0","0","0","0","0","0","0","10","stable","fairly_owned","low","Avoid"
"Reinildo Mandava","DEF","SUN","4","7.1","0","0","0","0","0","0","0","10","stable","overowned","low","Avoid"
"Jenson Seelt","DEF","SUN","4","0.3","0","0","0","0","0","0","0","10","stable","fairly_owned","low","Avoid"
"Simon Adingra","MID","SUN","5.5","1.7","60","2.1","0","2.47","2.73","81","110","10","cold","underowned","low","Avoid"
"Habib Diarra","MID","SUN","5.5","0.1","0","0","0","0","0","0","0","10","stable","fairly_owned","low","Avoid"
"Patrick Roberts","MID","SUN","5.5","0","0","0","0","0","0","0","0","10","stable","fairly_owned","low","Avoid"
"Milan Aleksić","MID","SUN","5","0","0","0","0","0","0","0","0","10","stable","fairly_owned","low","Avoid"
"Enzo Le Fée","MID","SUN","5","0.4","0","0","0","0","0","0","0","10","stable","fairly_owned","low","Avoid"
"Romaine Mundle","MID","SUN","5","0","0","0","0","0","0","0","0","10","stable","fairly_owned","low","Avoid"
"Dan Neil","MID","SUN","5","0","0","0","0","0","0","0","0","10","stable","fairly_owned","low","Avoid"
"Ian Poveda-Ocampo","MID","SUN","5","0","0","0","0","0","0","0","0","10","stable","fairly_owned","low","Avoid"
"Chris Rigg","MID","SUN","5","0.1","0","0","0","0","0","0","0","10","stable","fairly_owned","low","Avoid"
"Noah Sadiki","MID","SUN","5","0","0","0","0","0","0","0","0","10","stable","fairly_owned","low","Avoid"
"Chemsdine Talbi","MID","SUN","5","0.1","0","0","0","0","0","0","0","10","stable","fairly_owned","low","Avoid"
"Abdoullah Ba","MID","SUN","4.5","0.3","0","0","0","0","0","0","0","10","stable","fairly_owned","low","Avoid"
"Alan Browne","MID","SUN","4.5","0.1","0","0","0","0","0","0","0","10","stable","fairly_owned","low","Avoid"
"Pierre Ekwah Elimby","MID","SUN","4.5","0","0","0","0","0","0","0","0","10","stable","fairly_owned","low","Avoid"
"Harrison Jones","MID","SUN","4.5","0.1","0","0","0","0","0","0","0","10","stable","fairly_owned","low","Avoid"
"Jay Matete","MID","SUN","4.5","0.3","0","0","0","0","0","0","0","10","stable","fairly_owned","low","Avoid"
"Nectarios Triantis","MID","SUN","4.5","0.1","0","0","0","0","0","0","0","10","stable","fairly_owned","low","Avoid"
"Wilson Isidor","FWD","SUN","5.5","0.2","0","0","0","0","0","0","0","10","stable","fairly_owned","low","Avoid"
"Eliezer Mayenda Dossou","FWD","SUN","5.5","0.3","0","0","0","0","0","0","0","10","stable","fairly_owned","low","Avoid"
"Ahmed Abdullahi","FWD","SUN","4.5","0.6","0","0","0","0","0","0","0","10","stable","fairly_owned","low","Avoid"
"Luís Hemir Silva Semedo","FWD","SUN","4.5","0.2","0","0","0","0","0","0","0","10","stable","fairly_owned","low","Avoid"
"Nazarii Rusyn","FWD","SUN","4.5","0.2","0","0","0","0","0","0","0","10","stable","fairly_owned","low","Avoid"
"Granit Xhaka","MID","SUN","5","2.8","0","0","0","0","0","0","0","10","stable","fairly_owned","low","Avoid"
"Robin Roefs","GKP","SUN","4.5","0.2","0","0","0","0","0","0","0","10","stable","fairly_owned","low","Avoid"
"Arthur Masuaku","DEF","SUN","4","0.5","0","0","0","0","0","0","0","10","stable","fairly_owned","low","Avoid"
"Omar Alderete","DEF","SUN","4","0.6","0","0","0","0","0","0","0","10","stable","fairly_owned","low","Avoid"
"Guglielmo Vicario","GKP","TOT","5","4.1","66","2.8","0","0","0","0","0","10","cold","fairly_owned","low","Avoid"
"Brandon Austin","GKP","TOT","4","0.3","1","1","0","0","0","0","0","10","cold","fairly_owned","low","Avoid"
"Antonín Kinský","GKP","TOT","4","2.5","17","2.8","0","0","0.01","0","0","10","cold","underowned","low","Avoid"
"Pedro Porro Sauceda","DEF","TOT","5.5","20.6","98","3","0","1.63","4.71","123","127","10","cold","overowned","low","Avoid"
"Cristian Romero","DEF","TOT","5","3.2","49","2.7","0","1.52","0.81","66","123","10","cold","fairly_owned","low","Avoid"
"Kevin Danso","DEF","TOT","4.5","0.2","16","1.6","0","0.4","0.12","0","0","10","cold","underowned","low","Avoid"
"Ben Davies","DEF","TOT","4.5","0.1","28","1.6","0","0.27","0.5","0","0","10","cold","underowned","low","Avoid"
"Radu Drăgușin","DEF","TOT","4.5","0","24","1.5","0","0.13","0.16","0","0","10","cold","underowned","low","Avoid"
"Djed Spence","DEF","TOT","4.5","1.1","51","2","0","0.58","1.41","172","142","10","cold","underowned","low","Avoid"
"Destiny Udogie","DEF","TOT","4.5","1.4","43","1.7","0","0.31","1.22","0","82","10","cold","fairly_owned","low","Avoid"
"Micky van de Ven","DEF","TOT","4.5","26.9","32","2.5","0","0.54","0.7","0","286","10","cold","overowned","low","Avoid"
"Ashley Phillips","DEF","TOT","4","0","0","0","0","0","0","0","0","10","stable","fairly_owned","low","Avoid"
"Takai Kōta","DEF","TOT","4","0.2","0","0","0","0","0","0","0","10","stable","fairly_owned","low","Avoid"
"Luka Vušković","DEF","TOT","4","1.2","0","0","0","0","0","0","0","10","stable","fairly_owned","low","Avoid"
"Son Heung-min","MID","TOT","8.5","0.5","129","4.3","0","7.25","4.97","97","201","45.25","cold","underowned","low","Avoid"
"Brennan Johnson","MID","TOT","7","3.2","137","4.2","0","10.75","1.99","102","302","10","cold","underowned","low","Avoid"
"James Maddison","MID","TOT","7","0.5","133","4.3","0","5.54","5.92","162","135","56.38095238095238","cold","underowned","low","Avoid"
"Mohammed Kudus","MID","TOT","6.5","25.1","106","3.3","0","6.97","2.67","72","150","10","cold","overowned","low","Avoid"
"Dejan Kulusevski","MID","TOT","6.5","0","117","3.7","0","4.06","4.03","172","99","10","cold","underowned","low","Avoid"
"Mathys Tel","MID","TOT","6.5","0.1","42","3.2","0","2.96","1.55","68","129","10","cold","underowned","low","Avoid"
"Rodrigo Bentancur","MID","TOT","5.5","0.2","49","1.9","0","1.36","1.02","147","0","10","cold","underowned","low","Avoid"
"Lucas Bergvall","MID","TOT","5.5","0.2","44","1.6","0","0.71","0.82","0","244","10","cold","underowned","low","Avoid"
"Yves Bissouma","MID","TOT","5.5","0.1","50","1.8","0","0.64","0.48","313","0","10","cold","underowned","low","Avoid"
"Wilson Odobert","MID","TOT","5.5","0","34","2.1","0","1.63","0.76","61","0","10","cold","underowned","low","Avoid"
"Manor Solomon","MID","TOT","5.5","0","0","0","0","0","0","0","0","10","stable","fairly_owned","low","Avoid"
"Bryan Gil Salvatierra","MID","TOT","5","0.1","0","0","0","0","0","0","0","10","stable","fairly_owned","low","Avoid"
"Archie Gray","MID","TOT","5","0.2","45","1.6","0","0.03","0.19","0","0","10","cold","underowned","low","Avoid"
"Mikey Moore","MID","TOT","5","0","19","1.9","0","0.2","0.56","0","357","10","cold","underowned","low","Avoid"
"Pape Matar Sarr","MID","TOT","5","2.8","71","2","0","3.72","0.78","81","256","10","cold","fairly_owned","low","Avoid"
"Yang Min-hyeok","MID","TOT","4.5","0.1","0","0","0","0","0","0","0","10","stable","fairly_owned","low","Avoid"
"Callum Olusesi","MID","TOT","4.5","0.2","0","0","0","0","0","0","0","10","stable","fairly_owned","low","Avoid"
"Dominic Solanke-Mitchell","FWD","TOT","7.5","5.2","108","4","0","10.89","1.13","83","442","10","cold","underowned","low","Avoid"
"Richarlison de Andrade","FWD","TOT","6.5","1.6","35","2.3","0","3.71","0.6","108","167","69","cold","underowned","low","Avoid"
"Will Lankshear","FWD","TOT","4.5","0.1","3","1","0","0","0","0","0","10","cold","fairly_owned","low","Avoid"
"Dane Scarlett","FWD","TOT","4.5","0.8","6","2","0","0.04","0","0","0","40","cold","underowned","low","Avoid"
"João Maria Lobo Alves Palhares Costa Palhinha Gonçalves","MID","TOT","5.5","0.4","0","0","0","0","0","0","0","10","stable","fairly_owned","low","Avoid"
"Alphonse Areola","GKP","WHU","4.5","5","69","2.7","0","0","0","0","0","10","cold","fairly_owned","low","Avoid"
"Wes Foderingham","GKP","WHU","4","0.6","0","0","0","0","0","0","0","10","stable","fairly_owned","low","Avoid"
"Krisztián Hegyi","GKP","WHU","4","0.3","0","0","0","0","0","0","0","10","stable","fairly_owned","low","Avoid"
"El Hadji Malick Diouf","DEF","WHU","4.5","7.7","0","0","0","0","0","0","0","10","stable","overowned","low","Avoid"
"Emerson Palmieri dos Santos","DEF","WHU","4.5","0.2","76","2.5","0","1.95","2.19","103","46","10","cold","underowned","low","Avoid"
"Maximilian Kilman","DEF","WHU","4.5","0.3","82","2.2","0","1.55","1.19","0","84","10","cold","underowned","low","Avoid"
"Konstantinos Mavropanos","DEF","WHU","4.5","0.1","45","1.4","0","1.61","0.39","0","0","10","cold","fairly_owned","low","Avoid"
"Nayef Aguerd","DEF","WHU","4.5","0.1","0","0","0","0","0","0","0","10","stable","fairly_owned","low","Avoid"
"Ollie Scarles","DEF","WHU","4.5","0","29","1.9","0","0.11","0.18","0","0","10","cold","underowned","low","Avoid"
"Jean-Clair Todibo","DEF","WHU","4.5","0.1","54","2","0","0.36","0.06","0","0","10","cold","underowned","low","Avoid"
"Aaron Wan-Bissaka","DEF","WHU","4.5","27","118","3.3","0","1.18","2.75","169","218","10","cold","overowned","low","Avoid"
"Kaelan Casey","DEF","WHU","4","0.3","1","1","0","0","0","0","0","10","cold","fairly_owned","low","Avoid"
"Lucas Tolentino Coelho de Lima","MID","WHU","6","1.2","80","2.4","0","5.36","3.36","75","30","10","cold","underowned","low","Avoid"
"Tomáš Souček","MID","WHU","6","1","126","3.6","0","6.6","1.27","136","157","10","cold","underowned","low","Avoid"
"James Ward-Prowse","MID","WHU","6","0.4","51","2.1","0","1.59","2.68","63","75","10","cold","underowned","low","Avoid"
"Crysencio Summerville","MID","WHU","5.5","0","33","1.7","0","1.61","1.71","62","58","10","cold","underowned","low","Avoid"
"Edson Álvarez Velázquez","MID","WHU","5","0.2","40","1.4","0","0.39","0.89","0","112","10","cold","underowned","low","Avoid"
"Maxwel Cornet","MID","WHU","5","0","1","0.5","0","0.16","0","0","0","10","cold","fairly_owned","low","Avoid"
"Guido Rodríguez","MID","WHU","5","0.1","36","1.6","0","0.22","0.17","0","588","10","cold","underowned","low","Avoid"
"Luis Guilherme Lira dos Santos","MID","WHU","5","0","12","1","0","0.42","0.13","0","0","85","cold","fairly_owned","low","Avoid"
"George Earthy","MID","WHU","4.5","0.1","0","0","0","0","0","0","0","10","stable","fairly_owned","low","Avoid"
"Andy Irving","MID","WHU","4.5","0.3","9","0.9","0","0.13","0.12","0","0","76","cold","fairly_owned","low","Avoid"
"Lewis Orford","MID","WHU","4.5","0.1","2","1","0","0.03","0.04","0","0","10","cold","fairly_owned","low","Avoid"
"Freddie Potts","MID","WHU","4.5","0.8","0","0","0","0","0","0","0","10","stable","fairly_owned","low","Avoid"
"Jarrod Bowen","FWD","WHU","8","18.2","193","5.7","0","8.6","6.47","151","170","10","cold","fairly_owned","low","Avoid"
"Niclas Füllkrug","FWD","WHU","6","3.7","42","2.3","0","2.14","0.47","140","426","50.666666666666664","cold","fairly_owned","low","Avoid"
"Callum Marshall","FWD","WHU","4.5","0.7","0","0","0","0","0","0","0","10","stable","fairly_owned","low","Avoid"
"Kyle Walker-Peters","DEF","WHU","4.5","0.5","0","0","0","0","0","0","0","10","stable","fairly_owned","low","Avoid"
"Callum Wilson","FWD","WHU","6","0.5","0","0","0","0","0","0","0","10","stable","fairly_owned","low","Avoid"
"Mads Hermansen","GKP","WHU","4.5","0.3","0","0","0","0","0","0","0","10","stable","fairly_owned","low","Avoid"
"Sam Johnstone","GKP","WOL","4.5","0.1","12","1.7","0","0","0","0","0","10","cold","underowned","low","Avoid"
"José Malheiro de Sá","GKP","WOL","4.5","2.2","93","3.2","0","0","0.01","0","0","10","cold","underowned","low","Avoid"
"Daniel Bentley","GKP","WOL","4","0.8","9","4.5","0","0","0","0","0","10","cold","underowned","low","Avoid"
"Tom King","GKP","WOL","4","1.7","1","1","0","0","0","0","0","10","cold","fairly_owned","low","Avoid"
"Emmanuel Agbadou","DEF","WOL","4.5","0.2","45","2.8","0","0.9","0.32","111","0","10","cold","underowned","low","Avoid"
"Matt Doherty","DEF","WOL","4.5","0.2","75","2.5","0","1.12","1.24","179","81","10","cold","underowned","low","Avoid"
"Hugo Bueno López","DEF","WOL","4.5","0.1","0","0","0","0","0","0","0","10","stable","fairly_owned","low","Avoid"
"Yerson Mosquera Valdelamar","DEF","WOL","4.5","0.1","3","0.6","0","0.33","0.03","0","0","10","cold","fairly_owned","low","Avoid"
"Rodrigo Martins Gomes","DEF","WOL","4.5","0.1","42","1.7","0","0.72","0.87","278","0","52.285714285714285","cold","underowned","low","Avoid"
"Santiago Ignacio Bueno","DEF","WOL","4.5","0.1","52","1.8","0","0.45","0.1","0","0","10","cold","underowned","low","Avoid"
"Toti Gomes","DEF","WOL","4.5","0.2","79","2.5","0","0.73","0.6","0","167","10","cold","underowned","low","Avoid"
"Ki-Jana Hoever","DEF","WOL","4","2.4","0","0","0","0","0","0","0","10","stable","fairly_owned","low","Avoid"
"Bastien Meupiyou Menadjou","DEF","WOL","4","0","0","0","0","0","0","0","0","10","stable","fairly_owned","low","Avoid"
"Pedro Cardoso de Lima","DEF","WOL","4","1.2","2","0.7","0","0.06","0.1","0","0","10","cold","fairly_owned","low","Avoid"
"Alfie Pond","DEF","WOL","4","1.6","1","1","0","0","0","0","0","10","cold","fairly_owned","low","Avoid"
"Hwang Hee-chan","MID","WOL","6","0.2","37","1.8","0","0.79","0.35","253","286","52","cold","underowned","low","Avoid"
"André Trindade da Costa Neto","MID","WOL","5.5","0.1","61","1.8","0","0.41","0.52","0","0","10","cold","underowned","low","Avoid"
"Jean-Ricner Bellegarde","MID","WOL","5.5","0.1","90","2.6","0","1.46","2.74","137","255","10","cold","underowned","low","Avoid"
"Fer López González","MID","WOL","5.5","0","0","0","0","0","0","0","0","10","stable","fairly_owned","low","Avoid"
"João Victor Gomes da Silva","MID","WOL","5.5","0.1","87","2.4","0","2.94","2.61","102","38","10","cold","underowned","low","Avoid"
"Gonçalo Manuel Ganchinho Guedes","MID","WOL","5.5","0","62","2.1","0","3.28","0.92","61","435","10","cold","underowned","low","Avoid"
"Marshall Munetsi","MID","WOL","5.5","0","50","3.6","0","3.32","1.08","60","185","10","cold","underowned","low","Avoid"
"Boubacar Traoré","MID","WOL","5","0","1","1","0","0","0","0","0","10","cold","fairly_owned","low","Avoid"
"Tawanda Chirewa","MID","WOL","4.5","0.3","0","0","0","0","0","0","0","10","stable","fairly_owned","low","Avoid"
"Tom Edozie","MID","WOL","4.5","0.4","0","0","0","0","0","0","0","10","stable","fairly_owned","low","Avoid"
"Enso González Medina","MID","WOL","4.5","1.6","0","0","0","0","0","0","0","10","stable","fairly_owned","low","Avoid"
"Joe Hodge","MID","WOL","4.5","0.1","0","0","0","0","0","0","0","10","stable","fairly_owned","low","Avoid"
"Jørgen Strand Larsen","FWD","WOL","6.5","5","145","4.1","0","10.14","1","138","400","10","cold","underowned","low","Avoid"
"Fábio Soares Silva","FWD","WOL","5","0.6","0","0","0","0","0","0","0","10","stable","fairly_owned","low","Avoid"
"Saša Kalajdžić","FWD","WOL","5","0.1","0","0","0","0","0","0","0","10","stable","fairly_owned","low","Avoid"
"Leon Chiwome","FWD","WOL","4.5","0","0","0","0","0","0","0","0","10","stable","fairly_owned","low","Avoid"
"Nathan Fraser","FWD","WOL","4.5","2.3","0","0","0","0","0","0","0","10","stable","fairly_owned","low","Avoid"
"Jhon Arias","MID","WOL","5.5","0.8","0","0","0","0","0","0","0","10","stable","fairly_owned","low","Avoid"
"David Møller Wolfe","DEF","WOL","4.5","0.1","0","0","0","0","0","0","0","10","stable","fairly_owned","low","Avoid"